location_id,latitude,longitude,address,base_demand,peak_demand,time_window_start,time_window_end
0,40.75697853224172,-74.00737427529111,"0 Main Street, New York, NY",2,5,8,12
1,40.6729680430674,-73.93049430013862,"1 Main Street, New York, NY",3,8,16,20
2,40.720872390910436,-73.96540446267076,"2 Main Street, New York, NY",3,8,8,12
3,40.62417480943507,-73.95421133077386,"3 Main Street, New York, NY",3,8,12,16
4,40.647911537879494,-73.94234605676537,"4 Main Street, New York, NY",2,5,12,16
5,40.65155863732652,-74.08216846820162,"5 Main Street, New York, NY",2,5,8,12
6,40.7491150822808,-73.98713224694744,"6 Main Street, New York, NY",2,5,8,12
7,40.74304897375183,-73.98448449266108,"7 Main Street, New York, NY",2,5,8,12
8,40.766633288444886,-74.06069589757584,"8 Main Street, New York, NY",4,11,12,16
9,40.68420015527023,-73.90634864300112,"9 Main Street, New York, NY",2,5,12,16
10,40.69008224914515,-73.93544853413577,"10 Main Street, New York, NY",8,21,12,16
11,40.76278435864709,-74.00044990934424,"11 Main Street, New York, NY",2,5,12,16
12,40.635343686140324,-73.95968499499931,"12 Main Street, New York, NY",2,5,8,12
13,40.61997318970129,-73.93811968140182,"13 Main Street, New York, NY",3,8,16,20
14,40.697601887192484,-73.92315774203432,"14 Main Street, New York, NY",3,8,12,16
15,40.6320985673664,-73.94309933071641,"15 Main Street, New York, NY",2,5,8,12
16,40.7578544554404,-74.06497740216186,"16 Main Street, New York, NY",3,8,16,20
17,40.62864866248068,-73.92951707149832,"17 Main Street, New York, NY",3,8,12,16
18,40.658964676992966,-74.08061758978002,"18 Main Street, New York, NY",2,5,12,16
19,40.73424154180773,-73.97239775880088,"19 Main Street, New York, NY",10,27,12,16
20,40.68344800138947,-73.9187546619578,"20 Main Street, New York, NY",8,21,16,20
21,40.6611933505046,-74.05860818514833,"21 Main Street, New York, NY",3,8,12,16
22,40.76424750011185,-74.06087108383642,"22 Main Street, New York, NY",2,5,8,12
23,40.629817843287285,-73.91166077533963,"23 Main Street, New York, NY",3,8,8,12
24,40.72620895973533,-73.97040352576334,"24 Main Street, New York, NY",2,5,16,20
25,40.639820005539576,-74.0798830525803,"25 Main Street, New York, NY",2,5,8,12
26,40.64138030841422,-73.9265258934748,"26 Main Street, New York, NY",2,5,8,12
27,40.625785107757444,-73.91138089763193,"27 Main Street, New York, NY",2,5,12,16
28,40.75817526977653,-73.99469267039059,"28 Main Street, New York, NY",4,11,12,16
29,40.75817286558114,-73.97286110717988,"29 Main Street, New York, NY",3,8,12,16
30,40.77228141495297,-74.04213252351977,"30 Main Street, New York, NY",3,8,16,20
31,40.72836145848515,-73.98002244780078,"31 Main Street, New York, NY",2,5,8,12
32,40.62737567965563,-73.9244063001155,"32 Main Street, New York, NY",2,5,8,12
33,40.6274228167386,-73.94129191575685,"33 Main Street, New York, NY",2,5,8,12
34,40.72880398323541,-73.9649758102816,"34 Main Street, New York, NY",8,21,16,20
35,40.704996161839944,-73.93005412702895,"35 Main Street, New York, NY",2,5,12,16
36,40.64744355806835,-74.06800475866223,"36 Main Street, New York, NY",4,11,8,12
37,40.76371293070307,-73.98495396174793,"37 Main Street, New York, NY",3,8,16,20
38,40.7673420733064,-74.05264628574677,"38 Main Street, New York, NY",2,5,16,20
39,40.75552968501953,-73.9785550229392,"39 Main Street, New York, NY",3,8,16,20
40,40.72398017117501,-73.97182355746268,"40 Main Street, New York, NY",2,5,16,20
41,40.622584127441925,-73.93605137609217,"41 Main Street, New York, NY",4,11,8,12
42,40.63621625296093,-73.9374777410387,"42 Main Street, New York, NY",4,11,12,16
43,40.75461004409248,-73.99058734417828,"43 Main Street, New York, NY",2,5,12,16
44,40.676063513972025,-73.92907787807387,"44 Main Street, New York, NY",2,5,16,20
45,40.62982790502501,-73.94811106645273,"45 Main Street, New York, NY",3,8,12,16
46,40.72938784499712,-73.96450642742857,"46 Main Street, New York, NY",4,11,12,16
47,40.77342076853816,-73.98649569471621,"47 Main Street, New York, NY",2,5,12,16
48,40.63583055409751,-73.94083275291817,"48 Main Street, New York, NY",3,8,8,12
49,40.73537119737306,-73.98850661159902,"49 Main Street, New York, NY",3,8,12,16
50,40.77324197744348,-74.03314653895306,"50 Main Street, New York, NY",3,8,16,20
51,40.72907709246597,-73.96553146257338,"51 Main Street, New York, NY",2,5,16,20
52,40.65518137640023,-74.07467396860258,"52 Main Street, New York, NY",3,8,8,12
53,40.6379334371184,-73.91389689628397,"53 Main Street, New York, NY",4,11,8,12
54,40.65879367475007,-74.07701486088743,"54 Main Street, New York, NY",2,5,8,12
55,40.64053315208261,-73.93543473723877,"55 Main Street, New York, NY",2,5,12,16
56,40.632373779911255,-73.89951167035275,"56 Main Street, New York, NY",8,21,16,20
57,40.62334968693897,-73.94575127105654,"57 Main Street, New York, NY",2,5,8,12
58,40.73199721576466,-73.97358169253788,"58 Main Street, New York, NY",4,11,12,16
59,40.73905227521539,-73.98755584309647,"59 Main Street, New York, NY",2,5,16,20
60,40.64026031814238,-74.06318506203314,"60 Main Street, New York, NY",2,5,12,16
61,40.62406080784794,-73.92458894971034,"61 Main Street, New York, NY",4,11,12,16
62,40.64305082235628,-74.07114160150154,"62 Main Street, New York, NY",2,5,12,16
63,40.66366366627098,-74.07529583139073,"63 Main Street, New York, NY",3,8,12,16
64,40.77491427469012,-74.04470753253509,"64 Main Street, New York, NY",2,5,8,12
65,40.71492586976817,-73.96670059741139,"65 Main Street, New York, NY",3,8,12,16
66,40.635853878132764,-73.93227006504274,"66 Main Street, New York, NY",2,5,12,16
67,40.61413570186447,-73.93462079274168,"67 Main Street, New York, NY",2,5,16,20
68,40.6954366370487,-73.92190157811389,"68 Main Street, New York, NY",8,21,12,16
69,40.635759978693734,-73.93662381166554,"69 Main Street, New York, NY",2,5,12,16
70,40.683416974176744,-73.92254888787461,"70 Main Street, New York, NY",3,8,8,12
71,40.62943593370623,-73.9285597407911,"71 Main Street, New York, NY",2,5,12,16
72,40.79129742045552,-74.0530406308688,"72 Main Street, New York, NY",3,8,8,12
73,40.71908766714176,-73.96198139991037,"73 Main Street, New York, NY",2,5,8,12
74,40.74481209282378,-73.98037062680712,"74 Main Street, New York, NY",8,21,12,16
75,40.64484100598035,-73.94829511694402,"75 Main Street, New York, NY",2,5,16,20
76,40.63613897026569,-73.91728841734148,"76 Main Street, New York, NY",2,5,8,12
77,40.64147565179022,-73.92112036393397,"77 Main Street, New York, NY",2,5,12,16
78,40.65307461293725,-74.07052454986996,"78 Main Street, New York, NY",2,5,16,20
79,40.76374453104782,-74.06593706292756,"79 Main Street, New York, NY",3,8,8,12
80,40.654757477003145,-74.05957566847822,"80 Main Street, New York, NY",2,5,12,16
81,40.65365026327294,-74.05964915384912,"81 Main Street, New York, NY",4,11,12,16
82,40.731130721032564,-73.95401159522514,"82 Main Street, New York, NY",2,5,12,16
83,40.64823678694726,-74.0407192946736,"83 Main Street, New York, NY",2,5,8,12
84,40.63951172366793,-73.94865986932467,"84 Main Street, New York, NY",3,8,8,12
85,40.72029177713317,-73.96372221184428,"85 Main Street, New York, NY",3,8,12,16
86,40.77040504749082,-74.05063895513699,"86 Main Street, New York, NY",2,5,12,16
87,40.77737205158981,-74.05850724920448,"87 Main Street, New York, NY",2,5,8,12
88,40.618037271792566,-73.93656469885771,"88 Main Street, New York, NY",2,5,12,16
89,40.62878990066961,-73.93152430581728,"89 Main Street, New York, NY",3,8,8,12
90,40.65302429272094,-74.08037837412661,"90 Main Street, New York, NY",3,8,12,16
91,40.65726030335579,-74.0591340144291,"91 Main Street, New York, NY",2,5,8,12
92,40.745720335164044,-73.98670422178508,"92 Main Street, New York, NY",4,11,16,20
93,40.69079930857699,-73.93630112782452,"93 Main Street, New York, NY",4,11,8,12
94,40.75813678312954,-73.98263362758085,"94 Main Street, New York, NY",3,8,8,12
95,40.66171386771139,-74.05738296581914,"95 Main Street, New York, NY",4,11,8,12
96,40.637106661600065,-74.07729923673864,"96 Main Street, New York, NY",2,5,8,12
97,40.77779002801616,-74.05264110056879,"97 Main Street, New York, NY",2,5,16,20
98,40.75970938638911,-73.94971415793799,"98 Main Street, New York, NY",2,5,16,20
99,40.778348580451,-74.04642330367611,"99 Main Street, New York, NY",2,5,8,12
100,40.78217969297901,-74.05126504756485,"100 Main Street, New York, NY",3,8,12,16
101,40.65237580165088,-74.05539749602146,"101 Main Street, New York, NY",4,11,12,16
102,40.723272449968405,-73.97091512206411,"102 Main Street, New York, NY",2,5,16,20
103,40.68536358591424,-73.92405268345236,"103 Main Street, New York, NY",2,5,12,16
104,40.77770549519279,-74.00691412477045,"104 Main Street, New York, NY",2,5,8,12
105,40.73786330401753,-73.98467409470861,"105 Main Street, New York, NY",4,11,12,16
106,40.62178589031536,-73.91052672064117,"106 Main Street, New York, NY",2,5,12,16
107,40.75520170971701,-73.99901892062383,"107 Main Street, New York, NY",3,8,8,12
108,40.72384766502118,-73.96175095850737,"108 Main Street, New York, NY",2,5,12,16
109,40.7653360090269,-74.05561437418208,"109 Main Street, New York, NY",2,5,8,12
110,40.65133907367868,-74.07443698981555,"110 Main Street, New York, NY",8,21,12,16
111,40.676967934990536,-74.0566479980032,"111 Main Street, New York, NY",8,21,8,12
112,40.669965795525954,-73.92300688169853,"112 Main Street, New York, NY",2,5,12,16
113,40.724382837466095,-73.96002260264875,"113 Main Street, New York, NY",8,21,12,16
114,40.642958147895314,-74.06906835075415,"114 Main Street, New York, NY",3,8,12,16
115,40.75960878231586,-73.97958392090284,"115 Main Street, New York, NY",4,11,8,12
116,40.71899773804322,-73.97189194835512,"116 Main Street, New York, NY",2,5,12,16
117,40.62850559707867,-73.94662158608625,"117 Main Street, New York, NY",3,8,12,16
118,40.66853789768245,-74.06387116922988,"118 Main Street, New York, NY",2,5,12,16
119,40.6138963694299,-73.9122376071403,"119 Main Street, New York, NY",3,8,12,16
120,40.67210491724977,-74.05759633373398,"120 Main Street, New York, NY",2,5,12,16
121,40.67502352173299,-73.92971376557487,"121 Main Street, New York, NY",2,5,16,20
122,40.639174320465116,-73.92849292126704,"122 Main Street, New York, NY",2,5,8,12
123,40.659966688378745,-74.05524084769209,"123 Main Street, New York, NY",3,8,16,20
124,40.68094791667675,-73.92546667840683,"124 Main Street, New York, NY",2,5,12,16
125,40.72214623612536,-73.99848534925788,"125 Main Street, New York, NY",3,8,8,12
126,40.62397952745932,-73.9338940584305,"126 Main Street, New York, NY",8,21,8,12
127,40.7473248151531,-73.98284834977632,"127 Main Street, New York, NY",2,5,8,12
128,40.62885460532331,-73.93878088798765,"128 Main Street, New York, NY",3,8,12,16
129,40.70462995428319,-73.939230046358,"129 Main Street, New York, NY",2,5,12,16
130,40.644886687711825,-73.93998596315032,"130 Main Street, New York, NY",4,11,12,16
131,40.744743823015575,-73.98362043810191,"131 Main Street, New York, NY",2,5,12,16
132,40.75654950648179,-73.99424364161612,"132 Main Street, New York, NY",3,8,12,16
133,40.656226514947186,-74.066840324195,"133 Main Street, New York, NY",4,11,8,12
134,40.755694082978565,-73.98162016609932,"134 Main Street, New York, NY",4,11,8,12
135,40.66674352344109,-74.08029914132776,"135 Main Street, New York, NY",3,8,12,16
136,40.6722136890262,-74.0874418643347,"136 Main Street, New York, NY",2,5,8,12
137,40.654010643146925,-74.05710401616155,"137 Main Street, New York, NY",3,8,8,12
138,40.65369327395699,-74.07414798153769,"138 Main Street, New York, NY",4,11,12,16
139,40.72891947961021,-73.97347694534331,"139 Main Street, New York, NY",3,8,12,16
140,40.76674602777463,-74.0492829391077,"140 Main Street, New York, NY",2,5,16,20
141,40.63682520504993,-73.94701738971311,"141 Main Street, New York, NY",4,11,16,20
142,40.64225104894461,-73.93701529855174,"142 Main Street, New York, NY",3,8,12,16
143,40.73912932330217,-73.96225064757748,"143 Main Street, New York, NY",3,8,12,16
144,40.76434972523485,-74.06338077047988,"144 Main Street, New York, NY",2,5,12,16
145,40.63397814502448,-73.91531252395652,"145 Main Street, New York, NY",3,8,12,16
146,40.655319478157644,-74.0618139143933,"146 Main Street, New York, NY",2,5,8,12
147,40.668305143055164,-74.06890290211474,"147 Main Street, New York, NY",3,8,12,16
148,40.76002988333775,-73.99026339936887,"148 Main Street, New York, NY",2,5,16,20
149,40.631078238158004,-73.92910052524064,"149 Main Street, New York, NY",3,8,8,12
150,40.64150921368016,-73.9319531974005,"150 Main Street, New York, NY",10,27,12,16
151,40.7676136975976,-73.98803143442821,"151 Main Street, New York, NY",2,5,12,16
152,40.6333247386862,-73.92451889417679,"152 Main Street, New York, NY",8,21,8,12
153,40.69345888491741,-73.9261728553899,"153 Main Street, New York, NY",2,5,8,12
154,40.63422500984021,-73.93413672350614,"154 Main Street, New York, NY",4,11,8,12
155,40.62507284335794,-73.91916442100366,"155 Main Street, New York, NY",3,8,8,12
156,40.68015704757753,-73.9370133109741,"156 Main Street, New York, NY",3,8,8,12
157,40.766140018261055,-73.9803248459049,"157 Main Street, New York, NY",3,8,16,20
158,40.69645841956305,-73.91858796975357,"158 Main Street, New York, NY",4,11,8,12
159,40.63313258246181,-73.94906083747537,"159 Main Street, New York, NY",2,5,12,16
160,40.75531695510799,-73.99501308995966,"160 Main Street, New York, NY",2,5,8,12
161,40.699968418726705,-73.92634199866124,"161 Main Street, New York, NY",3,8,16,20
162,40.61825023700533,-73.92463008502737,"162 Main Street, New York, NY",4,11,8,12
163,40.75868822406881,-73.99387871837257,"163 Main Street, New York, NY",3,8,12,16
164,40.62503284623462,-73.9376514216456,"164 Main Street, New York, NY",3,8,16,20
165,40.73345036782487,-73.97361636775042,"165 Main Street, New York, NY",2,5,16,20
166,40.6508181110411,-74.0606666888528,"166 Main Street, New York, NY",4,11,8,12
167,40.618774206775306,-73.95416293150427,"167 Main Street, New York, NY",2,5,16,20
168,40.64369891306711,-74.07005545785661,"168 Main Street, New York, NY",3,8,12,16
169,40.65863756975326,-74.0482336260569,"169 Main Street, New York, NY",2,5,12,16
170,40.6418316464223,-73.94168767906014,"170 Main Street, New York, NY",2,5,8,12
171,40.65533833201825,-74.07301248187277,"171 Main Street, New York, NY",2,5,8,12
172,40.77245454398415,-74.0606655464671,"172 Main Street, New York, NY",2,5,12,16
173,40.63648223579366,-73.94836060319604,"173 Main Street, New York, NY",3,8,12,16
174,40.759752374668466,-73.97291408371451,"174 Main Street, New York, NY",2,5,12,16
175,40.75347130804148,-73.98422435562355,"175 Main Street, New York, NY",2,5,12,16
176,40.77954111526118,-74.06179116479677,"176 Main Street, New York, NY",2,5,12,16
177,40.62874613379135,-73.92129030260303,"177 Main Street, New York, NY",2,5,8,12
178,40.77361643632956,-74.06550905791647,"178 Main Street, New York, NY",2,5,12,16
179,40.77288477708667,-74.05279897716545,"179 Main Street, New York, NY",2,5,8,12
180,40.670039930175236,-74.05339447996553,"180 Main Street, New York, NY",3,8,12,16
181,40.71174904596764,-73.9325449004751,"181 Main Street, New York, NY",3,8,12,16
182,40.76328211589326,-73.98640805278716,"182 Main Street, New York, NY",3,8,16,20
183,40.71211525072471,-73.93295440769977,"183 Main Street, New York, NY",2,5,8,12
184,40.76424245692227,-74.06377288653235,"184 Main Street, New York, NY",2,5,8,12
185,40.60526625173015,-73.92667377682766,"185 Main Street, New York, NY",4,11,8,12
186,40.746967582910514,-73.98673753497977,"186 Main Street, New York, NY",3,8,8,12
187,40.63667260994805,-73.92132658536835,"187 Main Street, New York, NY",2,5,8,12
188,40.64275928857214,-73.94585733031714,"188 Main Street, New York, NY",2,5,16,20
189,40.6242709034768,-73.93516910204545,"189 Main Street, New York, NY",2,5,8,12
190,40.642326162027075,-74.04467260056785,"190 Main Street, New York, NY",2,5,8,12
191,40.66267775648685,-74.07261274286053,"191 Main Street, New York, NY",2,5,12,16
192,40.75550833005317,-74.04424023633625,"192 Main Street, New York, NY",3,8,12,16
193,40.64973795682711,-74.05554282321975,"193 Main Street, New York, NY",3,8,12,16
194,40.71505642552584,-73.97454068622625,"194 Main Street, New York, NY",3,8,8,12
195,40.65558093109446,-74.06251738228875,"195 Main Street, New York, NY",3,8,12,16
196,40.62875439547549,-73.93385979443704,"196 Main Street, New York, NY",4,11,8,12
197,40.74388270523223,-73.98966526769475,"197 Main Street, New York, NY",3,8,8,12
198,40.656731450414405,-74.0578427998858,"198 Main Street, New York, NY",8,21,16,20
199,40.76167505830694,-73.99948789376292,"199 Main Street, New York, NY",2,5,8,12
200,40.67487607968518,-73.91209465662723,"200 Main Street, New York, NY",2,5,12,16
201,40.693540361512326,-73.93235629021179,"201 Main Street, New York, NY",2,5,12,16
202,40.770070429281276,-73.9870847265016,"202 Main Street, New York, NY",3,8,8,12
203,40.64504802203092,-73.93941310894641,"203 Main Street, New York, NY",4,11,16,20
204,40.671490834528456,-74.05036757791505,"204 Main Street, New York, NY",2,5,8,12
205,40.77015003385928,-74.04806325056836,"205 Main Street, New York, NY",4,11,12,16
206,40.66198225359313,-74.04930087265106,"206 Main Street, New York, NY",2,5,16,20
207,40.64587925949148,-74.05612667362641,"207 Main Street, New York, NY",4,11,12,16
208,40.643839295058775,-73.95767568862475,"208 Main Street, New York, NY",2,5,16,20
209,40.76080709021742,-74.07817128185552,"209 Main Street, New York, NY",2,5,8,12
210,40.68752315304808,-73.91769600228825,"210 Main Street, New York, NY",2,5,12,16
211,40.6659069258006,-74.06718003853528,"211 Main Street, New York, NY",2,5,8,12
212,40.78892583079978,-74.07157997466005,"212 Main Street, New York, NY",2,5,12,16
213,40.67318339699898,-73.92542690183518,"213 Main Street, New York, NY",2,5,16,20
214,40.77648032983347,-74.05810590755885,"214 Main Street, New York, NY",4,11,8,12
215,40.71032628111338,-73.96943813639184,"215 Main Street, New York, NY",3,8,12,16
216,40.64248379909223,-74.05629046273809,"216 Main Street, New York, NY",2,5,8,12
217,40.73466668457475,-73.97794573385998,"217 Main Street, New York, NY",3,8,12,16
218,40.767501006170704,-74.0683710952968,"218 Main Street, New York, NY",3,8,12,16
219,40.65490170312455,-74.05343576502138,"219 Main Street, New York, NY",2,5,16,20
220,40.64102609481628,-74.06288052118431,"220 Main Street, New York, NY",2,5,12,16
221,40.627952474006555,-73.94801702208314,"221 Main Street, New York, NY",2,5,8,12
222,40.729930398514234,-73.9788993592209,"222 Main Street, New York, NY",2,5,8,12
223,40.62771855713681,-73.9520670726864,"223 Main Street, New York, NY",3,8,8,12
224,40.70986447272169,-73.9245187893265,"224 Main Street, New York, NY",2,5,8,12
225,40.683219966312606,-73.92273162573888,"225 Main Street, New York, NY",3,8,8,12
226,40.625381928476344,-73.92362592260618,"226 Main Street, New York, NY",3,8,16,20
227,40.696358888392965,-73.91729634774575,"227 Main Street, New York, NY",2,5,12,16
228,40.684912209916426,-73.93062960725267,"228 Main Street, New York, NY",3,8,12,16
229,40.652777977125766,-74.08600639987374,"229 Main Street, New York, NY",2,5,8,12
230,40.63573144465765,-74.05425224366505,"230 Main Street, New York, NY",8,21,16,20
231,40.706666898527544,-73.92736178524179,"231 Main Street, New York, NY",2,5,12,16
232,40.76032447915661,-73.9851289712991,"232 Main Street, New York, NY",4,11,8,12
233,40.68167216336419,-74.05672523722514,"233 Main Street, New York, NY",3,8,12,16
234,40.753279733611244,-73.99779687725054,"234 Main Street, New York, NY",2,5,12,16
235,40.73849444632348,-73.98620683648586,"235 Main Street, New York, NY",3,8,8,12
236,40.625691542737435,-73.95431083085649,"236 Main Street, New York, NY",8,21,12,16
237,40.766173946501645,-74.06859444011405,"237 Main Street, New York, NY",3,8,12,16
238,40.77143032587678,-73.97942507527505,"238 Main Street, New York, NY",4,11,8,12
239,40.63317532377711,-73.92528885237161,"239 Main Street, New York, NY",4,11,16,20
240,40.690990904469004,-73.9334842668595,"240 Main Street, New York, NY",2,5,16,20
241,40.76979015029875,-73.98285237240769,"241 Main Street, New York, NY",2,5,12,16
242,40.76226721380081,-74.05968234685875,"242 Main Street, New York, NY",3,8,12,16
243,40.617749026439405,-73.93524422392049,"243 Main Street, New York, NY",2,5,12,16
244,40.7402624775891,-73.94945276959201,"244 Main Street, New York, NY",4,11,12,16
245,40.61926937445209,-73.9344586013936,"245 Main Street, New York, NY",4,11,12,16
246,40.61999878328203,-73.9262874804485,"246 Main Street, New York, NY",2,5,8,12
247,40.62733111094789,-73.94872820145731,"247 Main Street, New York, NY",2,5,12,16
248,40.73148591839323,-73.97685643716082,"248 Main Street, New York, NY",3,8,16,20
249,40.77534424360187,-74.0582813411724,"249 Main Street, New York, NY",2,5,12,16
250,40.648493874810974,-74.0769966229599,"250 Main Street, New York, NY",4,11,8,12
251,40.7252329888081,-73.96099302373845,"251 Main Street, New York, NY",2,5,12,16
252,40.66053766597353,-74.07276274067438,"252 Main Street, New York, NY",3,8,8,12
253,40.627498532027545,-73.91390235537713,"253 Main Street, New York, NY",2,5,8,12
254,40.73786485671484,-73.98280787092074,"254 Main Street, New York, NY",3,8,8,12
255,40.68359098380307,-73.91916543816029,"255 Main Street, New York, NY",2,5,8,12
256,40.64789590253186,-74.08103600923303,"256 Main Street, New York, NY",3,8,12,16
257,40.73828348514722,-73.98776062337792,"257 Main Street, New York, NY",2,5,12,16
258,40.757156134543266,-73.99728463909558,"258 Main Street, New York, NY",3,8,8,12
259,40.639640974778054,-73.9567034943832,"259 Main Street, New York, NY",4,11,16,20
260,40.73033990412731,-73.98065709799434,"260 Main Street, New York, NY",2,5,16,20
261,40.64436499420162,-74.06744699962633,"261 Main Street, New York, NY",2,5,16,20
262,40.61790107532041,-73.92526178205314,"262 Main Street, New York, NY",2,5,8,12
263,40.7646218376182,-73.99401039153976,"263 Main Street, New York, NY",3,8,12,16
264,40.64161197131093,-73.9513853623071,"264 Main Street, New York, NY",3,8,16,20
265,40.631803250752405,-73.90700054040427,"265 Main Street, New York, NY",3,8,12,16
266,40.70628425711251,-73.97651588855142,"266 Main Street, New York, NY",2,5,8,12
267,40.65665407655145,-74.06995144019992,"267 Main Street, New York, NY",2,5,8,12
268,40.659239952830994,-74.06902704009354,"268 Main Street, New York, NY",3,8,12,16
269,40.731866599988514,-73.97010370835063,"269 Main Street, New York, NY",2,5,16,20
270,40.70189504200913,-73.92232721641321,"270 Main Street, New York, NY",8,21,12,16
271,40.73437672873453,-73.97266570565793,"271 Main Street, New York, NY",2,5,12,16
272,40.74968284728533,-73.99256705472273,"272 Main Street, New York, NY",3,8,8,12
273,40.65482787670342,-74.07213083114769,"273 Main Street, New York, NY",2,5,12,16
274,40.733898450682744,-73.94779292801026,"274 Main Street, New York, NY",2,5,16,20
275,40.763270156560374,-73.99150170816621,"275 Main Street, New York, NY",3,8,8,12
276,40.76657104874769,-73.99232222657476,"276 Main Street, New York, NY",3,8,12,16
277,40.63050210992786,-74.07800184944867,"277 Main Street, New York, NY",10,27,16,20
278,40.712292782903525,-73.97206207083713,"278 Main Street, New York, NY",2,5,8,12
279,40.73118488590568,-73.95178256287396,"279 Main Street, New York, NY",2,5,12,16
280,40.63652432392792,-73.9422792990486,"280 Main Street, New York, NY",3,8,8,12
281,40.63479926478509,-73.94352757970093,"281 Main Street, New York, NY",3,8,12,16
282,40.63561119577137,-73.93237964182164,"282 Main Street, New York, NY",2,5,12,16
283,40.71621483965598,-73.95710939556464,"283 Main Street, New York, NY",2,5,12,16
284,40.65891345817223,-74.0671400673654,"284 Main Street, New York, NY",2,5,12,16
285,40.737328520774845,-73.94584000741867,"285 Main Street, New York, NY",4,11,8,12
286,40.69203588394311,-73.92238921898321,"286 Main Street, New York, NY",2,5,16,20
287,40.749965300530654,-73.99673991653918,"287 Main Street, New York, NY",2,5,12,16
288,40.780943033509516,-74.066339798337,"288 Main Street, New York, NY",2,5,8,12
289,40.731716364485976,-73.97332351046437,"289 Main Street, New York, NY",2,5,12,16
290,40.69500701964999,-73.92153480379335,"290 Main Street, New York, NY",2,5,12,16
291,40.70059262083511,-73.92997158883476,"291 Main Street, New York, NY",3,8,8,12
292,40.62380645962032,-73.93120386376867,"292 Main Street, New York, NY",2,5,16,20
293,40.64644042267888,-74.06414798140904,"293 Main Street, New York, NY",4,11,16,20
294,40.73857058828023,-73.9777685892385,"294 Main Street, New York, NY",2,5,8,12
295,40.659579414480696,-74.05436460775144,"295 Main Street, New York, NY",3,8,16,20
296,40.65966284312952,-74.04421923010081,"296 Main Street, New York, NY",4,11,8,12
297,40.76490178335304,-74.07022550711102,"297 Main Street, New York, NY",3,8,8,12
298,40.67243001890348,-73.90991098173133,"298 Main Street, New York, NY",3,8,8,12
299,40.7611025660896,-73.98879731955364,"299 Main Street, New York, NY",2,5,16,20
300,40.75735859578925,-73.99949636331752,"300 Main Street, New York, NY",2,5,12,16
301,40.675340875075804,-74.06662877451973,"301 Main Street, New York, NY",3,8,8,12
302,40.691311169338576,-73.91761375860723,"302 Main Street, New York, NY",10,27,12,16
303,40.63131530129062,-73.91917738636805,"303 Main Street, New York, NY",3,8,12,16
304,40.64297861072519,-74.06320630276812,"304 Main Street, New York, NY",3,8,8,12
305,40.791459920308824,-74.04432475961636,"305 Main Street, New York, NY",3,8,16,20
306,40.66681522154603,-74.0730331431038,"306 Main Street, New York, NY",2,5,16,20
307,40.680321173189945,-73.92612929404721,"307 Main Street, New York, NY",2,5,12,16
308,40.73155795123667,-73.957605020812,"308 Main Street, New York, NY",3,8,16,20
309,40.6095805626761,-73.90612072341624,"309 Main Street, New York, NY",8,21,12,16
310,40.68863714240674,-73.92914023554569,"310 Main Street, New York, NY",2,5,16,20
311,40.616384165220644,-73.9379647933295,"311 Main Street, New York, NY",3,8,12,16
312,40.6414867560299,-73.93935511408863,"312 Main Street, New York, NY",2,5,12,16
313,40.62035544119287,-73.95303908148115,"313 Main Street, New York, NY",3,8,8,12
314,40.751201062533156,-73.97155125759164,"314 Main Street, New York, NY",2,5,16,20
315,40.62390929545961,-73.93644765614202,"315 Main Street, New York, NY",2,5,12,16
316,40.770182244703214,-74.06050619577539,"316 Main Street, New York, NY",3,8,8,12
317,40.623914488850225,-74.06846393500467,"317 Main Street, New York, NY",2,5,8,12
318,40.63094570488819,-73.93312623011238,"318 Main Street, New York, NY",3,8,12,16
319,40.669372916229094,-74.05665533604402,"319 Main Street, New York, NY",3,8,12,16
320,40.64819446837409,-74.0789862454269,"320 Main Street, New York, NY",4,11,12,16
321,40.79837327337657,-74.05718677573776,"321 Main Street, New York, NY",2,5,16,20
322,40.69035651431166,-73.92511267571732,"322 Main Street, New York, NY",2,5,8,12
323,40.652864202887315,-74.06936459045873,"323 Main Street, New York, NY",2,5,12,16
324,40.62076858890445,-73.92688481602325,"324 Main Street, New York, NY",10,27,8,12
325,40.772312142641916,-74.06321320778925,"325 Main Street, New York, NY",4,11,16,20
326,40.626126592363505,-73.9390239914836,"326 Main Street, New York, NY",3,8,16,20
327,40.72845092993958,-73.95350700611088,"327 Main Street, New York, NY",4,11,12,16
328,40.62437365719571,-74.05700591782026,"328 Main Street, New York, NY",3,8,12,16
329,40.76701976145103,-74.00897537516862,"329 Main Street, New York, NY",3,8,8,12
330,40.76921279940327,-74.06149336873787,"330 Main Street, New York, NY",2,5,12,16
331,40.676142104445354,-73.93264959172213,"331 Main Street, New York, NY",3,8,16,20
332,40.64442273564262,-74.04546448379214,"332 Main Street, New York, NY",2,5,12,16
333,40.64261183412175,-73.92737274281058,"333 Main Street, New York, NY",4,11,8,12
334,40.640471770830715,-73.95137881147268,"334 Main Street, New York, NY",3,8,12,16
335,40.650283291434484,-74.05809344261411,"335 Main Street, New York, NY",3,8,16,20
336,40.614283930884326,-73.91428624230912,"336 Main Street, New York, NY",2,5,8,12
337,40.7285974481322,-73.9722951440722,"337 Main Street, New York, NY",2,5,8,12
338,40.64036464987231,-73.93564566064565,"338 Main Street, New York, NY",2,5,12,16
339,40.62964538853209,-73.92849499572687,"339 Main Street, New York, NY",2,5,16,20
340,40.67940658811653,-73.91871206877677,"340 Main Street, New York, NY",2,5,8,12
341,40.639186062769966,-73.94318375815365,"341 Main Street, New York, NY",4,11,8,12
342,40.775901005566496,-74.07029009584177,"342 Main Street, New York, NY",3,8,8,12
343,40.635745479165315,-73.92326524797528,"343 Main Street, New York, NY",2,5,8,12
344,40.72577347190859,-73.95805684373835,"344 Main Street, New York, NY",2,5,12,16
345,40.74751547262063,-74.00232608580816,"345 Main Street, New York, NY",2,5,12,16
346,40.71543441037854,-73.96248683648325,"346 Main Street, New York, NY",3,8,12,16
347,40.613700915448284,-73.903868284791,"347 Main Street, New York, NY",3,8,12,16
348,40.75182038126523,-74.040814396395,"348 Main Street, New York, NY",4,11,8,12
349,40.628615383645275,-73.92238335772954,"349 Main Street, New York, NY",2,5,16,20
350,40.68476803052444,-73.9208800637027,"350 Main Street, New York, NY",10,27,12,16
351,40.7541825625018,-73.97720845402436,"351 Main Street, New York, NY",4,11,16,20
352,40.7321429786004,-73.96704391838209,"352 Main Street, New York, NY",2,5,12,16
353,40.6472472331575,-74.0684904425767,"353 Main Street, New York, NY",4,11,8,12
354,40.7340787198027,-73.98564861992328,"354 Main Street, New York, NY",2,5,12,16
355,40.676735367171474,-73.917438783906,"355 Main Street, New York, NY",4,11,8,12
356,40.756267563907336,-73.99008130620807,"356 Main Street, New York, NY",2,5,12,16
357,40.772824014674725,-74.0543031430243,"357 Main Street, New York, NY",4,11,8,12
358,40.62110761217016,-73.92919927386487,"358 Main Street, New York, NY",4,11,8,12
359,40.62846366152423,-73.931199954387,"359 Main Street, New York, NY",4,11,16,20
360,40.77672220290122,-74.07480479612029,"360 Main Street, New York, NY",3,8,8,12
361,40.76485046589931,-73.98351549802041,"361 Main Street, New York, NY",2,5,16,20
362,40.77519997268721,-74.04795205023845,"362 Main Street, New York, NY",2,5,8,12
363,40.6499097946349,-73.92994459311033,"363 Main Street, New York, NY",2,5,12,16
364,40.71259195980046,-73.98134270566408,"364 Main Street, New York, NY",2,5,12,16
365,40.683969035615576,-73.92461051434411,"365 Main Street, New York, NY",3,8,12,16
366,40.777816265548765,-74.06503639820944,"366 Main Street, New York, NY",2,5,8,12
367,40.692084889037304,-73.93242525416974,"367 Main Street, New York, NY",8,21,8,12
368,40.627139872160356,-73.954154904729,"368 Main Street, New York, NY",3,8,8,12
369,40.61727287651214,-73.93493307266701,"369 Main Street, New York, NY",4,11,8,12
370,40.7628809428143,-74.04724254211183,"370 Main Street, New York, NY",2,5,12,16
371,40.74506492063774,-73.96191765219616,"371 Main Street, New York, NY",4,11,16,20
372,40.63143838798206,-73.91956786537389,"372 Main Street, New York, NY",4,11,16,20
373,40.617921631171434,-73.91441312781676,"373 Main Street, New York, NY",2,5,12,16
374,40.74880253126368,-73.98702137469809,"374 Main Street, New York, NY",3,8,12,16
375,40.75660154749647,-73.96950753499397,"375 Main Street, New York, NY",3,8,12,16
376,40.74249343537664,-73.97557870024797,"376 Main Street, New York, NY",2,5,8,12
377,40.7722897904391,-74.04007095372155,"377 Main Street, New York, NY",3,8,16,20
378,40.62023553839537,-73.90329174103087,"378 Main Street, New York, NY",2,5,12,16
379,40.77971719469863,-74.06340362783685,"379 Main Street, New York, NY",2,5,12,16
380,40.737324779504334,-73.95882139150045,"380 Main Street, New York, NY",2,5,8,12
381,40.65710145490181,-74.08362323353839,"381 Main Street, New York, NY",2,5,12,16
382,40.62598367843203,-73.94256348011602,"382 Main Street, New York, NY",2,5,12,16
383,40.771895341053074,-74.0515722391024,"383 Main Street, New York, NY",2,5,16,20
384,40.77441668535341,-74.07113240366502,"384 Main Street, New York, NY",8,21,12,16
385,40.6546853337897,-74.06181512888665,"385 Main Street, New York, NY",3,8,8,12
386,40.73659860659309,-73.95773912874117,"386 Main Street, New York, NY",8,21,16,20
387,40.780978896889565,-74.05318715928563,"387 Main Street, New York, NY",2,5,8,12
388,40.68951556427794,-73.94148103418138,"388 Main Street, New York, NY",2,5,12,16
389,40.73529688430511,-73.96647005912509,"389 Main Street, New York, NY",3,8,8,12
390,40.73371649048573,-73.98131442175492,"390 Main Street, New York, NY",2,5,12,16
391,40.62244448478619,-73.92955676522718,"391 Main Street, New York, NY",2,5,16,20
392,40.77224412380551,-74.05096395310419,"392 Main Street, New York, NY",3,8,8,12
393,40.626788392734554,-73.92111866521589,"393 Main Street, New York, NY",2,5,16,20
394,40.66491133215704,-74.06814763550857,"394 Main Street, New York, NY",3,8,8,12
395,40.65648970186669,-74.06760994111343,"395 Main Street, New York, NY",3,8,16,20
396,40.65118353182296,-74.06607890946107,"396 Main Street, New York, NY",2,5,12,16
397,40.635476387906614,-73.94487577997714,"397 Main Street, New York, NY",2,5,16,20
398,40.668086055353015,-74.07193326124859,"398 Main Street, New York, NY",3,8,8,12
399,40.649014638838025,-74.07231829692223,"399 Main Street, New York, NY",2,5,16,20
400,40.769028688369595,-73.98627592507943,"400 Main Street, New York, NY",2,5,12,16
401,40.74131914750847,-73.98340253972708,"401 Main Street, New York, NY",10,27,8,12
402,40.629175711631945,-73.91251991865461,"402 Main Street, New York, NY",2,5,16,20
403,40.75538174941881,-73.97758666909388,"403 Main Street, New York, NY",3,8,8,12
404,40.62808216568928,-73.92599481935865,"404 Main Street, New York, NY",8,21,16,20
405,40.75398968334997,-73.97217532160111,"405 Main Street, New York, NY",2,5,8,12
406,40.62880002497627,-73.92555444898933,"406 Main Street, New York, NY",2,5,12,16
407,40.64905077164759,-73.94531689403205,"407 Main Street, New York, NY",2,5,12,16
408,40.64668148710868,-74.07073883242809,"408 Main Street, New York, NY",2,5,8,12
409,40.67677271628219,-73.93405794431106,"409 Main Street, New York, NY",2,5,8,12
410,40.68017581372501,-73.93254940049725,"410 Main Street, New York, NY",3,8,8,12
411,40.63290820131641,-73.93774614643515,"411 Main Street, New York, NY",2,5,12,16
412,40.67103349902543,-74.07297072863378,"412 Main Street, New York, NY",3,8,8,12
413,40.76440213351082,-73.9903813612868,"413 Main Street, New York, NY",10,27,12,16
414,40.65503385700076,-74.05623899330472,"414 Main Street, New York, NY",4,11,8,12
415,40.76141245512845,-74.05395486261607,"415 Main Street, New York, NY",3,8,8,12
416,40.63491957227241,-73.93516378112042,"416 Main Street, New York, NY",2,5,12,16
417,40.77553136178315,-74.0332259586788,"417 Main Street, New York, NY",3,8,8,12
418,40.64915109425477,-74.0682971577764,"418 Main Street, New York, NY",3,8,16,20
419,40.76640827007983,-74.06333373126951,"419 Main Street, New York, NY",2,5,16,20
420,40.626881178917216,-73.92819812844944,"420 Main Street, New York, NY",2,5,12,16
421,40.66508839775954,-74.07362844927698,"421 Main Street, New York, NY",4,11,12,16
422,40.68189366566149,-73.92015726928236,"422 Main Street, New York, NY",2,5,16,20
423,40.74903667908325,-73.98191215466699,"423 Main Street, New York, NY",2,5,8,12
424,40.77466890555259,-74.07293640122788,"424 Main Street, New York, NY",2,5,8,12
425,40.64873010220358,-73.92212951702956,"425 Main Street, New York, NY",2,5,8,12
426,40.6447554683748,-74.07179800193884,"426 Main Street, New York, NY",4,11,12,16
427,40.65838714800453,-74.05964262032651,"427 Main Street, New York, NY",3,8,8,12
428,40.69680266411926,-73.90476937945856,"428 Main Street, New York, NY",3,8,12,16
429,40.631485577915335,-73.9480712662059,"429 Main Street, New York, NY",2,5,16,20
430,40.74076571724591,-73.99555077324395,"430 Main Street, New York, NY",2,5,16,20
431,40.65519722436854,-74.04504160959121,"431 Main Street, New York, NY",2,5,12,16
432,40.64570724228928,-74.0656831068231,"432 Main Street, New York, NY",2,5,8,12
433,40.655364265136555,-74.05110325549191,"433 Main Street, New York, NY",2,5,16,20
434,40.651774533231986,-73.92672491434004,"434 Main Street, New York, NY",3,8,12,16
435,40.650634099672104,-74.0525455794557,"435 Main Street, New York, NY",2,5,8,12
436,40.77945859024034,-74.03931188682056,"436 Main Street, New York, NY",3,8,8,12
437,40.661367775950545,-74.06658010913426,"437 Main Street, New York, NY",2,5,16,20
438,40.656789903586564,-74.05683395053366,"438 Main Street, New York, NY",2,5,12,16
439,40.663733315909255,-74.05791444791531,"439 Main Street, New York, NY",2,5,16,20
440,40.666195240993176,-74.05129423232194,"440 Main Street, New York, NY",8,21,16,20
441,40.74482229202416,-73.96205983712082,"441 Main Street, New York, NY",4,11,12,16
442,40.63158386938711,-73.93862115689618,"442 Main Street, New York, NY",8,21,12,16
443,40.74306579177887,-73.97671629270658,"443 Main Street, New York, NY",2,5,12,16
444,40.65921522718601,-74.06692057634966,"444 Main Street, New York, NY",2,5,8,12
445,40.63354249841963,-73.92730377513443,"445 Main Street, New York, NY",3,8,12,16
446,40.732911692793984,-73.96808257051515,"446 Main Street, New York, NY",2,5,12,16
447,40.64192993268748,-74.05552465256612,"447 Main Street, New York, NY",4,11,12,16
448,40.761013751337465,-73.96660892561148,"448 Main Street, New York, NY",2,5,16,20
449,40.727922919764254,-73.96635543272008,"449 Main Street, New York, NY",2,5,12,16
450,40.63574888702739,-73.92431376096287,"450 Main Street, New York, NY",2,5,12,16
451,40.730047746789914,-73.96575672073901,"451 Main Street, New York, NY",2,5,12,16
452,40.632584174070416,-73.91955013537928,"452 Main Street, New York, NY",3,8,12,16
453,40.622040872827746,-73.91947532668186,"453 Main Street, New York, NY",2,5,12,16
454,40.76529522702465,-73.99850662583864,"454 Main Street, New York, NY",2,5,8,12
455,40.65221305202111,-74.07492219448888,"455 Main Street, New York, NY",2,5,12,16
456,40.66283382156889,-74.08315285538733,"456 Main Street, New York, NY",2,5,8,12
457,40.627665831717565,-73.93631617500986,"457 Main Street, New York, NY",3,8,8,12
458,40.78829491563642,-74.05843646268865,"458 Main Street, New York, NY",4,11,12,16
459,40.645331360012705,-74.04910941564508,"459 Main Street, New York, NY",8,21,12,16
460,40.618774911186115,-73.96207635332671,"460 Main Street, New York, NY",3,8,16,20
461,40.75895905402659,-73.99326201508806,"461 Main Street, New York, NY",2,5,12,16
462,40.76242734717277,-74.05069539560492,"462 Main Street, New York, NY",3,8,12,16
463,40.775077682481786,-74.06341974638528,"463 Main Street, New York, NY",2,5,12,16
464,40.61370216498654,-73.91269165332804,"464 Main Street, New York, NY",2,5,12,16
465,40.66203050587687,-74.06397894686418,"465 Main Street, New York, NY",4,11,8,12
466,40.79110604530455,-74.06847980774117,"466 Main Street, New York, NY",2,5,8,12
467,40.67496196968328,-73.93179050554502,"467 Main Street, New York, NY",4,11,8,12
468,40.632799190026724,-73.93765489926729,"468 Main Street, New York, NY",2,5,12,16
469,40.77022731476551,-74.05425840611277,"469 Main Street, New York, NY",3,8,8,12
470,40.76012428110217,-74.04334131403718,"470 Main Street, New York, NY",3,8,8,12
471,40.689395709608604,-73.91369846653033,"471 Main Street, New York, NY",4,11,8,12
472,40.77606692880785,-74.05321142788637,"472 Main Street, New York, NY",3,8,16,20
473,40.6612261668996,-74.05851010262622,"473 Main Street, New York, NY",3,8,8,12
474,40.69664444899121,-73.91157989954489,"474 Main Street, New York, NY",2,5,12,16
475,40.62847042067026,-73.91432618903497,"475 Main Street, New York, NY",3,8,8,12
476,40.73010334517091,-73.95414576384222,"476 Main Street, New York, NY",2,5,12,16
477,40.76587575232348,-74.0397695557488,"477 Main Street, New York, NY",3,8,8,12
478,40.77223809583763,-74.07208671109909,"478 Main Street, New York, NY",3,8,8,12
479,40.63453609433939,-73.94689881033526,"479 Main Street, New York, NY",3,8,12,16
480,40.66393492958717,-74.0695134280194,"480 Main Street, New York, NY",2,5,8,12
481,40.62879321585813,-73.95898370106997,"481 Main Street, New York, NY",2,5,8,12
482,40.72647763892129,-73.992785729263,"482 Main Street, New York, NY",3,8,8,12
483,40.756800647109216,-74.05017481351646,"483 Main Street, New York, NY",2,5,8,12
484,40.66338649568379,-74.05873261260854,"484 Main Street, New York, NY",2,5,8,12
485,40.68054745996124,-73.92534853840763,"485 Main Street, New York, NY",2,5,8,12
486,40.77260364995317,-74.06936260696983,"486 Main Street, New York, NY",8,21,16,20
487,40.64153919199092,-73.9126426037051,"487 Main Street, New York, NY",3,8,12,16
488,40.77043003360578,-74.05751010168797,"488 Main Street, New York, NY",2,5,12,16
489,40.65296718335912,-74.08833833502374,"489 Main Street, New York, NY",2,5,8,12
490,40.653056720272076,-74.06980703070637,"490 Main Street, New York, NY",2,5,16,20
491,40.64086715518069,-74.07073198926835,"491 Main Street, New York, NY",3,8,8,12
492,40.708194086661024,-73.91846299623354,"492 Main Street, New York, NY",3,8,8,12
493,40.76692788544624,-74.05205313226435,"493 Main Street, New York, NY",2,5,12,16
494,40.70421077575839,-73.9156250880171,"494 Main Street, New York, NY",2,5,8,12
495,40.75515521322526,-73.9947108406216,"495 Main Street, New York, NY",2,5,8,12
496,40.77962190848021,-74.05384410622369,"496 Main Street, New York, NY",3,8,12,16
497,40.659835287479915,-74.06156926832267,"497 Main Street, New York, NY",3,8,16,20
498,40.66602402125048,-74.068339540342,"498 Main Street, New York, NY",2,5,12,16
499,40.66405729593598,-74.06594499029256,"499 Main Street, New York, NY",2,5,12,16
